requests,errors,total_latency_ms,error_rate,avg_latency_ms,throughput
120,3,3600,3.0,30.0,120
150,2,4200,2.0,28.0,150
98,1,3100,2.0,31.632653061224488,98
200,5,6400,3.0,32.0,200
175,4,5900,3.0,33.714285714285715,175
60,0,1500,0.0,25.0,60
80,1,2100,2.0,26.25,80
140,3,4000,3.0,28.571428571428573,140
110,2,3300,2.0,30.0,110
95,1,2900,2.0,30.526315789473685,95
